{"EyFtO2UnwTVBhHFfqEAHeA==":"mbr-1920x1281.jpg","RAvEBKcY66cjCuMXGqYvDQ==":"_dsc7604_trowulan-720x482.jpg","GrjcxG0W30kjljSZFTRs9Q==":"_dsc7604_trowulan-720x482.jpeg","2zILlpiJyhk91qULCSBkjA==":"19a978356c8dffb001495e7ee4de46a3-1080x381.jpg","mgAqkqgMxjkonk1nmJ19cw==":"oip-80x80.jpg","fdv+I8Xkvs6uimMm8QLYQQ==":"oip-320x320.jpg","QZaWUZfz5Ziq96CmTm2Aqw==":"candi%20wringin-696x466.jpg","6MDoe7oGcGGHXdZRqSP12A==":"candi%20tikus-696x462.jpg","64JcdKkrPs9ggoKTZIbwgQ==":"museum%20trowulan-650x488.jpg","DLi5t9Sau42qwLBu/ZvEbw==":"vihara%20majapahit-696x456.jpg","ZQGjBKqjuVKbDzHfPD+sYg==":"kemegahan-candi-brahu-di-tengah-hijaunya-rerumputan.-foto-gmap-fathoni-696x464.jpg","RNmlqMq088CI+4y0NxlQrQ==":"gapura%20wringin%20lawang-696x464.jpg","jV6Tzlc9g8lBqsx1guMa+g==":"hipwee-candi-bajang-ratu-888x592.jpg","5lxKFK8bTVrIP/9L8MG2tA==":"background2.jpg","HQILT11ugYo8mf0UrvASDQ==":"candi-wringin-lawang-700x393.jpg","HnxnTK2IxBuTiJwqA7lS1w==":"candi-tikus-550x413.jpg","vbmzqsVw/xXvmx2nPtIwuA==":"candi-brahu-950x580.jpg","mP8Xr8vvz3LXs1gidLACQg==":"mahavihara-majapahit-mojokerto-jawa-timur-1024x768.jpg","BbuXljGnbqWRSjpZvRSYCQ==":"oip-96x96.jpg","cKjP0BcWYHK5BBztpiU1PQ==":"unnamed-512x288.png","+I8Vg5ZWyC9HqXQ5/2uSWw==":"unnamed-1-512x288.png","tCt5wZnw26JMTP+RqbGTCQ==":"ar-696x752.jpeg","/Xi0PiLZyQljTQWxwaxAtg==":"map-225x225.png","fjpTMPLalczhKBv3ATKktw==":"ar-1-696x752.jpeg","fa6geHaeqcbiGgJehrUTSA==":"360-camera-icon-simple-element-360-vector-27270271-696x752.jpeg","FTeDmXFybUvl5XONug/DdQ==":"maps-696x751.jpeg","3ZepAMJsFDooosSpkiqkjw==":"gapura%20wringin%20lawang-696x464.jpeg","4mdNEO+lhA0rEO1rxCl7MA==":"gapura%20wringin%20lawang-696x464.jpeg","UKMlReFGlo7El4kLUPzvIA==":"museum%20trowulan-650x488.jpeg","CqCvmRqCKtlG/ZVw0wgU/w==":"kemegahan-candi-brahu-di-tengah-hijaunya-rerumputan.-foto-gmap-fathoni-696x464.jpeg","mPLYSlPoTcAeEG44jsFQpQ==":"museum%20trowulan-650x488.jpeg","HuYGWur0tKq9TDYHaHqoeg==":"mahavihara-majapahit-mojokerto-jawa-timur-1024x768.jpeg","G2j4ZuopuCBkr1Legk4dxg==":"oip-128x128.png","oRykAiO0rUD++7AmPeEwUg==":"background1.jpg"}